{
    "s_subspaces": [
        0,
        0,
        0,
        0,
        0,
        0,
        0,
        0,
        0,
        0,
        0,
        0,
        0,
        0,
        0,
        0,
        0,
        0,
        0,
        0,
        0,
        0
    ],
    "k_prototypes": [
        0,
        0,
        0,
        0,
        0,
        0,
        0,
        0,
        0,
        0,
        0,
        0,
        0,
        0,
        0,
        0,
        0,
        0,
        0,
        0,
        0,
        0
    ],
    "nn_train_accuracy": 0.89356,
    "nn_test_accuracy": 0.8417,
    "amm_train_accuracy": 0.1,
    "amm_test_accuracy": 0.1,
    "train_mse": [
        0.9673037860018956,
        0.2944422175760552,
        1.6737753437984193,
        0.6347490759352512,
        0.25952271087509277,
        1.1719128028896344,
        0.31032399466483734,
        1.488312709982106,
        0.7750813806154168,
        0.22965935008936872,
        1.1344506349920043,
        0.42746666953557777,
        1.2434088233495768,
        1.4450065547496511,
        0.4366573649623062,
        1.6134558270908677,
        0.8496053652969767,
        1.6170430050503535,
        1.383951495253895,
        1.1762305450302812,
        2.030656314274291,
        